id,label
0,entailment
1,entailment
2,neutral
3,contradiction
4,neutral
5,contradiction
6,contradiction
7,entailment
8,neutral
9,contradiction
10,neutral
11,contradiction
12,contradiction
13,entailment
14,neutral
15,entailment
16,neutral
17,entailment
18,contradiction
19,entailment
20,neutral
21,entailment
22,contradiction
23,neutral
24,neutral
25,contradiction
26,contradiction
27,contradiction
28,neutral
29,entailment
30,neutral
31,entailment
32,contradiction
33,contradiction
34,contradiction
35,contradiction
36,contradiction
37,contradiction
38,contradiction
39,contradiction
40,contradiction
41,entailment
42,contradiction
43,neutral
44,contradiction
45,contradiction
46,contradiction
47,contradiction
48,contradiction
49,contradiction
50,neutral
51,contradiction
52,neutral
53,contradiction
54,entailment
55,neutral
56,neutral
57,entailment
58,neutral
59,contradiction
60,neutral
61,entailment
62,neutral
63,entailment
64,entailment
65,entailment
66,contradiction
67,neutral
68,neutral
69,contradiction
70,contradiction
71,contradiction
72,contradiction
73,entailment
74,contradiction
75,neutral
76,contradiction
77,entailment
78,contradiction
79,contradiction
80,entailment
81,contradiction
82,entailment
83,neutral
84,contradiction
85,contradiction
86,contradiction
87,contradiction
88,contradiction
89,neutral
90,contradiction
91,contradiction
92,neutral
93,contradiction
94,contradiction
95,contradiction
96,neutral
97,contradiction
98,contradiction
99,contradiction
100,neutral
101,entailment
102,entailment
103,contradiction
104,neutral
105,contradiction
106,contradiction
107,contradiction
108,neutral
109,contradiction
110,contradiction
111,contradiction
112,entailment
113,entailment
114,contradiction
115,entailment
116,contradiction
117,contradiction
118,contradiction
119,entailment
120,contradiction
121,entailment
122,contradiction
123,contradiction
124,neutral
125,neutral
126,contradiction
127,neutral
128,entailment
129,entailment
130,entailment
131,neutral
132,entailment
133,contradiction
134,entailment
135,neutral
136,entailment
137,contradiction
138,contradiction
139,contradiction
140,contradiction
141,contradiction
142,neutral
143,neutral
144,contradiction
145,neutral
146,neutral
147,neutral
148,neutral
149,neutral
150,contradiction
151,neutral
152,neutral
153,contradiction
154,entailment
155,entailment
156,entailment
157,contradiction
158,neutral
159,contradiction
160,contradiction
161,contradiction
162,neutral
163,entailment
164,entailment
165,contradiction
166,neutral
167,entailment
168,neutral
169,contradiction
170,neutral
171,contradiction
172,neutral
173,contradiction
174,contradiction
175,neutral
176,contradiction
177,contradiction
178,neutral
179,contradiction
180,contradiction
181,contradiction
182,contradiction
183,entailment
184,contradiction
185,neutral
186,contradiction
187,entailment
188,contradiction
189,contradiction
190,neutral
191,entailment
192,contradiction
193,neutral
194,neutral
195,contradiction
196,neutral
197,entailment
198,contradiction
199,entailment
200,neutral
201,contradiction
202,neutral
203,entailment
204,contradiction
205,contradiction
206,entailment
207,contradiction
208,contradiction
209,contradiction
210,contradiction
211,contradiction
212,contradiction
213,entailment
214,neutral
215,contradiction
216,contradiction
217,entailment
218,entailment
219,contradiction
220,entailment
221,entailment
222,entailment
223,neutral
224,contradiction
225,contradiction
226,entailment
227,contradiction
228,contradiction
229,entailment
230,contradiction
231,neutral
232,entailment
233,neutral
234,contradiction
235,neutral
236,contradiction
237,contradiction
238,neutral
239,neutral
240,contradiction
241,contradiction
242,contradiction
243,neutral
244,entailment
245,neutral
246,neutral
247,entailment
248,contradiction
249,entailment
250,neutral
251,contradiction
252,entailment
253,entailment
254,contradiction
255,neutral
256,neutral
257,contradiction
258,entailment
259,contradiction
260,contradiction
261,contradiction
262,neutral
263,contradiction
264,contradiction
265,neutral
266,entailment
267,contradiction
268,contradiction
269,contradiction
270,entailment
271,contradiction
272,entailment
273,contradiction
274,neutral
275,contradiction
276,neutral
277,contradiction
278,entailment
279,neutral
280,neutral
281,contradiction
282,neutral
283,contradiction
284,neutral
285,contradiction
286,neutral
287,entailment
288,contradiction
289,contradiction
290,contradiction
291,entailment
292,entailment
293,contradiction
294,entailment
295,contradiction
296,contradiction
297,contradiction
298,contradiction
299,contradiction
300,contradiction
301,contradiction
302,entailment
303,entailment
304,contradiction
305,contradiction
306,contradiction
307,neutral
308,contradiction
309,neutral
310,neutral
311,contradiction
312,entailment
313,contradiction
314,entailment
315,contradiction
316,contradiction
317,contradiction
318,contradiction
319,contradiction
320,contradiction
321,contradiction
322,entailment
323,contradiction
324,contradiction
325,contradiction
326,contradiction
327,neutral
328,neutral
329,neutral
330,contradiction
331,entailment
332,contradiction
333,neutral
334,contradiction
335,contradiction
336,contradiction
337,contradiction
338,contradiction
339,entailment
340,neutral
341,entailment
342,contradiction
343,neutral
344,contradiction
345,neutral
346,neutral
347,contradiction
348,contradiction
349,contradiction
350,contradiction
351,neutral
352,neutral
353,neutral
354,contradiction
355,contradiction
356,entailment
357,neutral
358,neutral
359,contradiction
360,contradiction
361,contradiction
362,entailment
363,neutral
364,entailment
365,contradiction
366,contradiction
367,contradiction
368,neutral
369,neutral
370,entailment
371,contradiction
372,contradiction
373,entailment
374,contradiction
375,contradiction
376,contradiction
377,contradiction
378,neutral
379,entailment
380,contradiction
381,contradiction
382,neutral
383,neutral
384,neutral
385,contradiction
386,entailment
387,neutral
388,contradiction
389,contradiction
390,contradiction
391,entailment
392,contradiction
393,contradiction
394,neutral
395,entailment
396,entailment
397,contradiction
398,contradiction
399,contradiction
400,contradiction
401,contradiction
402,contradiction
403,contradiction
404,contradiction
405,entailment
406,contradiction
407,contradiction
408,contradiction
409,entailment
410,contradiction
411,contradiction
412,neutral
413,entailment
414,contradiction
415,entailment
416,contradiction
417,contradiction
418,contradiction
419,contradiction
420,contradiction
421,contradiction
422,entailment
423,contradiction
424,contradiction
425,entailment
426,neutral
427,neutral
428,contradiction
429,contradiction
430,contradiction
431,contradiction
432,entailment
433,neutral
434,contradiction
435,contradiction
436,contradiction
437,entailment
438,entailment
439,contradiction
440,contradiction
441,contradiction
442,neutral
443,contradiction
444,entailment
445,contradiction
446,entailment
447,contradiction
448,neutral
449,contradiction
450,contradiction
451,contradiction
452,entailment
453,contradiction
454,contradiction
455,neutral
456,contradiction
457,neutral
458,entailment
459,contradiction
460,contradiction
461,contradiction
462,neutral
463,entailment
464,neutral
465,neutral
466,contradiction
467,contradiction
468,contradiction
469,contradiction
470,entailment
471,contradiction
472,contradiction
473,entailment
474,contradiction
475,contradiction
476,contradiction
477,contradiction
478,entailment
479,neutral
480,contradiction
481,neutral
482,entailment
483,entailment
484,neutral
485,contradiction
486,contradiction
487,contradiction
488,contradiction
489,contradiction
490,neutral
491,contradiction
492,neutral
493,neutral
494,neutral
495,neutral
496,neutral
497,contradiction
498,contradiction
499,neutral
500,entailment
501,neutral
502,contradiction
503,contradiction
504,contradiction
505,neutral
506,contradiction
507,contradiction
508,contradiction
509,contradiction
510,entailment
511,contradiction
512,entailment
513,contradiction
514,neutral
515,contradiction
516,contradiction
517,neutral
518,contradiction
519,neutral
520,neutral
521,neutral
522,contradiction
523,contradiction
524,entailment
525,neutral
526,contradiction
527,contradiction
528,neutral
529,neutral
530,neutral
531,entailment
532,neutral
533,contradiction
534,contradiction
535,contradiction
536,entailment
537,contradiction
538,neutral
539,entailment
540,entailment
541,contradiction
542,entailment
543,contradiction
544,neutral
545,neutral
546,entailment
547,contradiction
548,contradiction
549,entailment
550,contradiction
551,neutral
552,neutral
553,contradiction
554,contradiction
555,neutral
556,entailment
557,neutral
558,neutral
559,neutral
560,contradiction
561,contradiction
562,entailment
563,contradiction
564,entailment
565,contradiction
566,contradiction
567,contradiction
568,contradiction
569,contradiction
570,entailment
571,contradiction
572,neutral
573,entailment
574,neutral
575,entailment
576,neutral
577,contradiction
578,entailment
579,entailment
580,contradiction
581,contradiction
582,entailment
583,contradiction
584,entailment
585,contradiction
586,neutral
587,entailment
588,contradiction
589,neutral
590,neutral
591,neutral
592,contradiction
593,neutral
594,contradiction
595,contradiction
596,contradiction
597,neutral
598,contradiction
599,contradiction
600,neutral
601,contradiction
602,entailment
603,neutral
604,neutral
605,neutral
606,neutral
607,entailment
608,entailment
609,contradiction
610,contradiction
611,neutral
612,contradiction
613,entailment
614,neutral
615,neutral
616,neutral
617,neutral
618,contradiction
619,contradiction
620,contradiction
621,contradiction
622,contradiction
623,entailment
624,neutral
625,neutral
626,neutral
627,contradiction
628,entailment
629,entailment
630,entailment
631,contradiction
632,neutral
633,contradiction
634,neutral
635,entailment
636,contradiction
637,entailment
638,entailment
639,contradiction
640,neutral
641,contradiction
642,contradiction
643,neutral
644,contradiction
645,entailment
646,contradiction
647,entailment
648,neutral
649,entailment
650,contradiction
651,neutral
652,neutral
653,neutral
654,neutral
655,entailment
656,entailment
657,contradiction
658,contradiction
659,contradiction
660,contradiction
661,contradiction
662,neutral
663,entailment
664,neutral
665,contradiction
666,neutral
667,neutral
668,neutral
669,contradiction
670,contradiction
671,entailment
672,contradiction
673,contradiction
674,neutral
675,neutral
676,entailment
677,contradiction
678,contradiction
679,neutral
680,neutral
681,neutral
682,contradiction
683,neutral
684,contradiction
685,neutral
686,neutral
687,contradiction
688,entailment
689,neutral
690,contradiction
691,contradiction
692,contradiction
693,contradiction
694,neutral
695,contradiction
696,entailment
697,contradiction
698,neutral
699,neutral
700,entailment
701,contradiction
702,neutral
703,contradiction
704,neutral
705,contradiction
706,contradiction
707,contradiction
708,contradiction
709,contradiction
710,contradiction
711,neutral
712,neutral
713,neutral
714,neutral
715,neutral
716,neutral
717,neutral
718,neutral
719,neutral
720,contradiction
721,entailment
722,contradiction
723,neutral
724,neutral
725,neutral
726,neutral
727,neutral
728,entailment
729,contradiction
730,neutral
731,entailment
732,entailment
733,neutral
734,contradiction
735,contradiction
736,contradiction
737,neutral
738,contradiction
739,entailment
740,neutral
741,contradiction
742,contradiction
743,contradiction
744,entailment
745,entailment
746,neutral
747,neutral
748,contradiction
749,neutral
750,contradiction
751,neutral
752,neutral
753,neutral
754,neutral
755,contradiction
756,contradiction
757,contradiction
758,contradiction
759,neutral
760,neutral
761,contradiction
762,neutral
763,neutral
764,neutral
765,entailment
766,contradiction
767,entailment
768,contradiction
769,contradiction
770,contradiction
771,neutral
772,neutral
773,contradiction
774,neutral
775,contradiction
776,neutral
777,entailment
778,contradiction
779,contradiction
780,neutral
781,contradiction
782,neutral
783,neutral
784,neutral
785,contradiction
786,entailment
787,entailment
788,contradiction
789,contradiction
790,entailment
791,contradiction
792,entailment
793,neutral
794,entailment
795,entailment
796,contradiction
797,contradiction
798,neutral
799,neutral
800,neutral
801,contradiction
802,neutral
803,neutral
804,entailment
805,contradiction
806,contradiction
807,neutral
808,contradiction
809,entailment
810,contradiction
811,neutral
812,contradiction
813,neutral
814,neutral
815,contradiction
816,entailment
817,neutral
818,contradiction
819,contradiction
820,entailment
821,contradiction
822,contradiction
823,contradiction
824,entailment
825,neutral
826,neutral
827,contradiction
828,neutral
829,neutral
830,contradiction
831,contradiction
832,entailment
833,neutral
834,contradiction
835,entailment
836,neutral
837,neutral
838,contradiction
839,entailment
840,entailment
841,contradiction
842,contradiction
843,neutral
844,contradiction
845,neutral
846,entailment
847,contradiction
848,contradiction
849,entailment
850,neutral
851,contradiction
852,entailment
853,contradiction
854,contradiction
855,neutral
856,entailment
857,contradiction
858,neutral
859,neutral
860,neutral
861,entailment
862,contradiction
863,neutral
864,neutral
865,neutral
866,entailment
867,neutral
868,neutral
869,neutral
870,contradiction
871,contradiction
872,neutral
873,neutral
874,contradiction
875,contradiction
876,contradiction
877,entailment
878,neutral
879,neutral
880,entailment
881,contradiction
882,contradiction
883,neutral
884,neutral
885,contradiction
886,neutral
887,neutral
888,neutral
889,neutral
890,contradiction
891,contradiction
892,entailment
893,neutral
894,neutral
895,entailment
896,contradiction
897,entailment
898,neutral
899,neutral
900,contradiction
901,contradiction
902,neutral
903,neutral
904,contradiction
905,contradiction
906,contradiction
907,contradiction
908,entailment
909,neutral
910,contradiction
911,neutral
912,contradiction
913,neutral
914,neutral
915,contradiction
916,entailment
917,contradiction
918,neutral
919,entailment
920,contradiction
921,entailment
922,contradiction
923,entailment
924,contradiction
925,neutral
926,contradiction
927,contradiction
928,entailment
929,contradiction
930,contradiction
931,entailment
932,contradiction
933,entailment
934,entailment
935,contradiction
936,contradiction
937,contradiction
938,contradiction
939,contradiction
940,neutral
941,neutral
942,neutral
943,neutral
944,contradiction
945,entailment
946,neutral
947,neutral
948,neutral
949,neutral
950,contradiction
951,contradiction
952,contradiction
953,contradiction
954,contradiction
955,neutral
956,neutral
957,entailment
958,contradiction
959,contradiction
960,neutral
961,neutral
962,neutral
963,neutral
964,contradiction
965,neutral
966,contradiction
967,neutral
968,neutral
969,neutral
970,neutral
971,contradiction
972,contradiction
973,contradiction
974,neutral
975,contradiction
976,entailment
977,contradiction
978,entailment
979,contradiction
980,contradiction
981,contradiction
982,contradiction
983,contradiction
984,neutral
985,contradiction
986,contradiction
987,entailment
988,entailment
989,contradiction
990,contradiction
991,contradiction
992,neutral
993,neutral
994,entailment
995,contradiction
996,contradiction
997,neutral
998,entailment
999,neutral
1000,neutral
1001,neutral
1002,neutral
1003,neutral
1004,neutral
1005,contradiction
1006,entailment
1007,contradiction
1008,entailment
1009,neutral
1010,neutral
1011,contradiction
1012,neutral
1013,neutral
1014,entailment
1015,contradiction
1016,contradiction
1017,contradiction
1018,contradiction
1019,neutral
1020,neutral
1021,contradiction
1022,neutral
1023,entailment
1024,entailment
1025,neutral
1026,entailment
1027,contradiction
1028,neutral
1029,contradiction
1030,neutral
1031,neutral
1032,neutral
1033,neutral
1034,contradiction
1035,entailment
1036,neutral
1037,contradiction
1038,entailment
1039,contradiction
1040,contradiction
1041,neutral
1042,contradiction
1043,neutral
1044,contradiction
1045,contradiction
1046,contradiction
1047,contradiction
1048,contradiction
1049,neutral
1050,entailment
1051,entailment
1052,entailment
1053,contradiction
1054,neutral
1055,entailment
1056,entailment
1057,neutral
1058,neutral
1059,contradiction
1060,entailment
1061,entailment
1062,contradiction
1063,neutral
1064,entailment
1065,entailment
1066,contradiction
1067,entailment
1068,entailment
1069,entailment
1070,contradiction
1071,entailment
1072,contradiction
1073,neutral
1074,contradiction
1075,neutral
1076,neutral
1077,contradiction
1078,contradiction
1079,neutral
1080,contradiction
1081,contradiction
1082,contradiction
1083,neutral
1084,neutral
1085,neutral
1086,contradiction
1087,contradiction
1088,contradiction
1089,entailment
1090,contradiction
1091,entailment
1092,entailment
1093,contradiction
1094,contradiction
1095,contradiction
1096,contradiction
1097,entailment
1098,contradiction
1099,entailment
1100,contradiction
1101,neutral
1102,contradiction
1103,entailment
1104,entailment
1105,entailment
1106,contradiction
1107,contradiction
1108,entailment
1109,neutral
1110,contradiction
1111,contradiction
1112,entailment
1113,contradiction
1114,neutral
1115,neutral
1116,neutral
1117,contradiction
1118,contradiction
1119,neutral
1120,contradiction
1121,contradiction
1122,neutral
1123,neutral
1124,neutral
1125,contradiction
1126,contradiction
1127,entailment
1128,entailment
1129,contradiction
1130,contradiction
1131,contradiction
1132,contradiction
1133,contradiction
1134,neutral
1135,contradiction
1136,entailment
1137,entailment
1138,neutral
1139,contradiction
1140,entailment
1141,entailment
1142,entailment
1143,contradiction
1144,neutral
1145,contradiction
1146,neutral
1147,entailment
1148,contradiction
1149,entailment
1150,entailment
1151,contradiction
1152,contradiction
1153,entailment
1154,entailment
1155,neutral
1156,entailment
1157,neutral
1158,contradiction
1159,contradiction
1160,neutral
1161,contradiction
1162,contradiction
1163,entailment
1164,contradiction
1165,contradiction
1166,entailment
1167,entailment
1168,entailment
1169,contradiction
1170,contradiction
1171,entailment
1172,contradiction
1173,entailment
1174,contradiction
1175,neutral
1176,entailment
1177,entailment
1178,contradiction
1179,neutral
1180,entailment
1181,entailment
1182,entailment
1183,contradiction
1184,contradiction
1185,entailment
1186,contradiction
1187,contradiction
1188,entailment
1189,entailment
1190,contradiction
1191,contradiction
1192,neutral
1193,contradiction
1194,contradiction
1195,entailment
1196,entailment
1197,entailment
1198,contradiction
1199,entailment
1200,contradiction
1201,contradiction
1202,entailment
1203,entailment
1204,entailment
1205,neutral
1206,entailment
1207,contradiction
1208,neutral
1209,neutral
1210,contradiction
1211,neutral
1212,contradiction
1213,entailment
1214,contradiction
1215,entailment
1216,entailment
1217,contradiction
1218,entailment
1219,neutral
1220,entailment
1221,entailment
1222,neutral
1223,entailment
1224,neutral
1225,contradiction
1226,neutral
1227,neutral
1228,neutral
1229,contradiction
1230,contradiction
1231,contradiction
1232,entailment
1233,contradiction
1234,contradiction
1235,contradiction
1236,neutral
1237,contradiction
1238,contradiction
1239,contradiction
1240,contradiction
1241,contradiction
1242,contradiction
1243,entailment
1244,contradiction
1245,contradiction
1246,entailment
1247,contradiction
1248,entailment
1249,contradiction
1250,neutral
1251,neutral
1252,entailment
1253,neutral
1254,contradiction
1255,entailment
1256,entailment
1257,entailment
1258,entailment
1259,entailment
1260,entailment
1261,entailment
1262,contradiction
1263,contradiction
1264,neutral
1265,contradiction
1266,contradiction
1267,entailment
1268,neutral
1269,entailment
1270,neutral
1271,contradiction
1272,contradiction
1273,neutral
1274,neutral
1275,contradiction
1276,contradiction
1277,neutral
1278,entailment
1279,neutral
1280,neutral
1281,contradiction
1282,contradiction
1283,entailment
1284,entailment
1285,contradiction
1286,entailment
1287,entailment
1288,neutral
1289,entailment
1290,entailment
1291,contradiction
1292,neutral
1293,entailment
1294,contradiction
1295,entailment
1296,entailment
1297,contradiction
1298,neutral
1299,contradiction
1300,entailment
1301,contradiction
1302,entailment
1303,contradiction
1304,entailment
1305,contradiction
1306,entailment
1307,neutral
1308,contradiction
1309,neutral
1310,contradiction
1311,neutral
1312,contradiction
1313,contradiction
1314,contradiction
1315,contradiction
1316,neutral
1317,contradiction
1318,neutral
1319,neutral
1320,neutral
1321,contradiction
1322,entailment
1323,contradiction
1324,neutral
1325,neutral
1326,entailment
1327,contradiction
1328,contradiction
1329,contradiction
1330,neutral
1331,contradiction
1332,contradiction
1333,entailment
1334,entailment
1335,neutral
1336,entailment
1337,contradiction
1338,entailment
1339,entailment
1340,entailment
1341,entailment
1342,contradiction
1343,entailment
1344,entailment
1345,contradiction
1346,contradiction
1347,neutral
1348,entailment
1349,contradiction
1350,neutral
1351,contradiction
1352,neutral
1353,contradiction
1354,contradiction
1355,entailment
1356,entailment
1357,contradiction
1358,contradiction
1359,entailment
1360,contradiction
1361,contradiction
1362,contradiction
1363,neutral
1364,neutral
1365,contradiction
1366,entailment
1367,contradiction
1368,contradiction
1369,contradiction
1370,contradiction
1371,contradiction
1372,neutral
1373,neutral
1374,entailment
1375,contradiction
1376,entailment
1377,neutral
1378,contradiction
1379,contradiction
1380,contradiction
1381,contradiction
1382,entailment
1383,contradiction
1384,neutral
1385,entailment
1386,contradiction
1387,entailment
1388,contradiction
1389,contradiction
1390,entailment
1391,entailment
1392,entailment
1393,entailment
1394,contradiction
1395,contradiction
1396,entailment
1397,contradiction
1398,neutral
1399,entailment
1400,contradiction
1401,entailment
1402,neutral
1403,contradiction
1404,entailment
1405,neutral
1406,contradiction
1407,neutral
1408,contradiction
1409,entailment
1410,entailment
1411,entailment
1412,entailment
1413,entailment
1414,entailment
1415,contradiction
1416,neutral
1417,entailment
1418,entailment
1419,entailment
1420,entailment
1421,entailment
1422,neutral
1423,neutral
1424,contradiction
1425,entailment
1426,entailment
1427,contradiction
1428,contradiction
1429,entailment
1430,neutral
1431,contradiction
1432,neutral
1433,neutral
1434,contradiction
1435,contradiction
1436,contradiction
1437,entailment
1438,contradiction
1439,contradiction
1440,entailment
1441,neutral
1442,entailment
1443,contradiction
1444,entailment
1445,neutral
1446,entailment
1447,entailment
1448,neutral
1449,neutral
1450,neutral
1451,neutral
1452,contradiction
1453,contradiction
1454,entailment
1455,contradiction
1456,contradiction
1457,contradiction
1458,neutral
1459,contradiction
1460,entailment
1461,contradiction
1462,contradiction
1463,entailment
1464,contradiction
1465,neutral
1466,neutral
1467,contradiction
1468,contradiction
1469,entailment
1470,entailment
1471,contradiction
1472,contradiction
1473,entailment
1474,contradiction
1475,contradiction
1476,entailment
1477,contradiction
1478,contradiction
1479,neutral
1480,contradiction
1481,entailment
1482,neutral
1483,contradiction
1484,neutral
1485,neutral
1486,neutral
1487,neutral
1488,neutral
1489,contradiction
1490,entailment
1491,entailment
1492,neutral
1493,neutral
1494,entailment
1495,entailment
1496,contradiction
1497,entailment
1498,neutral
1499,neutral
1500,entailment
1501,contradiction
1502,entailment
1503,contradiction
1504,neutral
1505,neutral
1506,contradiction
1507,contradiction
1508,contradiction
1509,entailment
1510,contradiction
1511,neutral
1512,contradiction
1513,entailment
1514,contradiction
1515,contradiction
1516,contradiction
1517,contradiction
1518,entailment
1519,neutral
1520,contradiction
1521,contradiction
1522,neutral
1523,entailment
1524,neutral
1525,contradiction
1526,neutral
1527,contradiction
1528,entailment
1529,neutral
1530,contradiction
1531,neutral
1532,contradiction
1533,neutral
1534,contradiction
1535,contradiction
1536,entailment
1537,neutral
1538,contradiction
1539,neutral
1540,contradiction
1541,neutral
1542,entailment
1543,contradiction
1544,entailment
1545,neutral
1546,neutral
1547,entailment
1548,contradiction
1549,neutral
1550,contradiction
1551,neutral
1552,neutral
1553,contradiction
1554,contradiction
1555,contradiction
1556,contradiction
1557,neutral
1558,contradiction
1559,contradiction
1560,contradiction
1561,neutral
1562,contradiction
1563,neutral
1564,contradiction
1565,contradiction
1566,neutral
1567,contradiction
1568,neutral
1569,contradiction
1570,neutral
1571,neutral
1572,entailment
1573,neutral
1574,neutral
1575,neutral
1576,contradiction
1577,entailment
1578,neutral
1579,entailment
1580,contradiction
1581,neutral
1582,contradiction
1583,entailment
1584,contradiction
1585,neutral
1586,neutral
1587,entailment
1588,contradiction
1589,neutral
1590,neutral
1591,contradiction
1592,contradiction
1593,contradiction
1594,entailment
1595,entailment
1596,entailment
1597,neutral
1598,entailment
1599,contradiction
1600,contradiction
1601,contradiction
1602,neutral
1603,contradiction
1604,neutral
1605,entailment
1606,neutral
1607,contradiction
1608,entailment
1609,neutral
1610,entailment
1611,neutral
1612,contradiction
1613,entailment
1614,contradiction
1615,entailment
1616,entailment
1617,contradiction
1618,contradiction
1619,neutral
1620,contradiction
1621,entailment
1622,neutral
1623,contradiction
1624,neutral
1625,entailment
1626,contradiction
1627,neutral
1628,entailment
1629,contradiction
1630,neutral
1631,contradiction
1632,neutral
1633,entailment
1634,contradiction
1635,contradiction
1636,neutral
1637,neutral
1638,entailment
1639,contradiction
1640,neutral
1641,neutral
1642,neutral
1643,contradiction
1644,neutral
1645,entailment
1646,neutral
1647,entailment
1648,contradiction
1649,contradiction
1650,entailment
1651,contradiction
1652,contradiction
1653,neutral
1654,neutral
1655,contradiction
1656,contradiction
1657,neutral
1658,neutral
1659,contradiction
1660,contradiction
1661,entailment
1662,neutral
1663,entailment
1664,neutral
1665,neutral
1666,contradiction
1667,contradiction
1668,contradiction
1669,neutral
1670,entailment
1671,entailment
1672,neutral
1673,neutral
1674,neutral
1675,neutral
1676,neutral
1677,contradiction
1678,neutral
1679,entailment
1680,contradiction
1681,neutral
1682,entailment
1683,neutral
1684,contradiction
1685,entailment
1686,contradiction
1687,contradiction
1688,contradiction
1689,contradiction
1690,contradiction
1691,contradiction
1692,contradiction
1693,contradiction
1694,contradiction
1695,contradiction
1696,neutral
1697,entailment
1698,neutral
1699,contradiction
1700,entailment
1701,contradiction
1702,contradiction
1703,contradiction
1704,contradiction
1705,entailment
1706,contradiction
1707,contradiction
1708,contradiction
1709,neutral
1710,neutral
1711,entailment
1712,contradiction
1713,contradiction
1714,contradiction
1715,contradiction
1716,contradiction
1717,contradiction
1718,neutral
1719,contradiction
1720,entailment
1721,neutral
1722,contradiction
1723,entailment
1724,contradiction
1725,contradiction
1726,contradiction
1727,contradiction
1728,neutral
1729,contradiction
1730,neutral
1731,contradiction
1732,neutral
1733,neutral
1734,contradiction
1735,contradiction
1736,contradiction
1737,neutral
1738,neutral
1739,entailment
1740,neutral
1741,entailment
1742,neutral
1743,contradiction
1744,neutral
1745,neutral
1746,neutral
1747,contradiction
1748,neutral
1749,neutral
1750,contradiction
1751,contradiction
1752,neutral
1753,contradiction
1754,neutral
1755,neutral
1756,entailment
1757,contradiction
1758,neutral
1759,contradiction
1760,neutral
1761,contradiction
1762,contradiction
1763,entailment
1764,contradiction
1765,neutral
1766,contradiction
1767,contradiction
1768,contradiction
1769,entailment
1770,entailment
1771,entailment
1772,neutral
1773,neutral
1774,contradiction
1775,neutral
1776,contradiction
1777,contradiction
1778,neutral
1779,contradiction
1780,neutral
1781,entailment
1782,contradiction
1783,neutral
1784,neutral
1785,contradiction
1786,contradiction
1787,contradiction
1788,entailment
1789,contradiction
1790,neutral
1791,contradiction
1792,contradiction
1793,entailment
1794,contradiction
1795,contradiction
1796,contradiction
1797,contradiction
1798,neutral
1799,contradiction
1800,entailment
1801,neutral
1802,contradiction
1803,contradiction
1804,entailment
1805,entailment
1806,contradiction
1807,contradiction
1808,neutral
1809,neutral
1810,contradiction
1811,entailment
1812,contradiction
1813,entailment
1814,entailment
1815,contradiction
1816,neutral
1817,entailment
1818,neutral
1819,contradiction
1820,contradiction
1821,entailment
1822,entailment
1823,contradiction
1824,neutral
1825,contradiction
1826,contradiction
1827,contradiction
1828,contradiction
1829,entailment
1830,contradiction
1831,contradiction
1832,neutral
1833,contradiction
1834,entailment
1835,entailment
1836,entailment
1837,neutral
1838,entailment
1839,contradiction
1840,neutral
1841,neutral
1842,contradiction
1843,entailment
1844,contradiction
1845,entailment
1846,entailment
1847,entailment
1848,contradiction
1849,neutral
1850,contradiction
1851,contradiction
1852,contradiction
1853,neutral
1854,neutral
1855,contradiction
1856,entailment
1857,contradiction
1858,entailment
1859,contradiction
1860,contradiction
1861,entailment
1862,contradiction
1863,contradiction
1864,contradiction
1865,contradiction
1866,contradiction
1867,contradiction
1868,neutral
1869,neutral
1870,contradiction
1871,entailment
1872,contradiction
1873,contradiction
1874,neutral
1875,contradiction
1876,neutral
1877,neutral
1878,contradiction
1879,neutral
1880,contradiction
1881,neutral
1882,neutral
1883,contradiction
1884,contradiction
1885,neutral
1886,contradiction
1887,contradiction
1888,entailment
1889,entailment
1890,neutral
1891,contradiction
1892,neutral
1893,neutral
1894,entailment
1895,neutral
1896,neutral
1897,neutral
1898,neutral
1899,contradiction
1900,contradiction
1901,entailment
1902,neutral
1903,contradiction
1904,neutral
1905,neutral
1906,neutral
1907,neutral
1908,contradiction
1909,contradiction
1910,contradiction
1911,contradiction
1912,neutral
1913,neutral
1914,contradiction
1915,entailment
1916,contradiction
1917,contradiction
1918,entailment
1919,contradiction
1920,contradiction
1921,entailment
1922,contradiction
1923,contradiction
1924,contradiction
1925,contradiction
1926,contradiction
1927,neutral
1928,neutral
1929,neutral
1930,contradiction
1931,neutral
1932,contradiction
1933,entailment
1934,contradiction
1935,contradiction
1936,contradiction
1937,contradiction
1938,contradiction
1939,entailment
1940,contradiction
1941,contradiction
1942,contradiction
1943,neutral
1944,contradiction
1945,neutral
1946,neutral
1947,contradiction
1948,neutral
1949,neutral
1950,neutral
1951,contradiction
1952,neutral
1953,neutral
1954,entailment
1955,contradiction
1956,contradiction
1957,neutral
1958,neutral
1959,neutral
1960,contradiction
1961,entailment
1962,neutral
1963,contradiction
1964,contradiction
1965,neutral
1966,neutral
1967,contradiction
1968,contradiction
1969,entailment
1970,entailment
1971,neutral
1972,contradiction
1973,entailment
1974,entailment
1975,contradiction
1976,neutral
1977,contradiction
1978,entailment
1979,contradiction
1980,entailment
1981,contradiction
1982,contradiction
1983,contradiction
1984,contradiction
1985,entailment
1986,neutral
1987,contradiction
1988,contradiction
1989,contradiction
1990,neutral
1991,neutral
1992,contradiction
1993,contradiction
1994,contradiction
1995,entailment
1996,contradiction
1997,contradiction
1998,contradiction
1999,entailment
2000,contradiction
2001,neutral
2002,contradiction
2003,entailment
2004,neutral
2005,neutral
2006,contradiction
2007,contradiction
2008,contradiction
2009,contradiction
2010,contradiction
2011,entailment
2012,neutral
2013,entailment
2014,neutral
2015,contradiction
2016,neutral
2017,neutral
2018,contradiction
2019,contradiction
2020,entailment
2021,neutral
2022,contradiction
2023,entailment
2024,neutral
2025,neutral
2026,contradiction
2027,neutral
2028,contradiction
2029,contradiction
2030,contradiction
2031,contradiction
2032,neutral
2033,contradiction
2034,entailment
2035,contradiction
2036,neutral
2037,contradiction
2038,contradiction
2039,entailment
2040,contradiction
2041,entailment
2042,neutral
2043,contradiction
2044,entailment
2045,neutral
2046,neutral
2047,neutral
2048,neutral
2049,contradiction
2050,contradiction
2051,entailment
2052,neutral
2053,entailment
2054,neutral
2055,contradiction
2056,neutral
2057,contradiction
2058,neutral
2059,entailment
2060,contradiction
2061,contradiction
2062,neutral
2063,contradiction
2064,contradiction
2065,entailment
2066,contradiction
2067,neutral
2068,neutral
2069,neutral
2070,contradiction
2071,contradiction
2072,neutral
2073,neutral
2074,entailment
2075,neutral
2076,entailment
2077,entailment
2078,contradiction
2079,contradiction
2080,neutral
2081,neutral
2082,neutral
2083,contradiction
2084,neutral
2085,contradiction
2086,entailment
2087,entailment
2088,entailment
2089,entailment
2090,entailment
2091,entailment
2092,entailment
2093,neutral
2094,neutral
2095,neutral
2096,entailment
2097,contradiction
2098,neutral
2099,neutral
2100,entailment
2101,contradiction
2102,neutral
2103,contradiction
2104,neutral
2105,neutral
2106,entailment
2107,contradiction
2108,contradiction
2109,entailment
2110,neutral
2111,neutral
2112,contradiction
2113,contradiction
2114,contradiction
2115,contradiction
2116,neutral
2117,contradiction
2118,contradiction
2119,entailment
2120,contradiction
2121,contradiction
2122,neutral
2123,contradiction
2124,neutral
2125,contradiction
2126,neutral
2127,contradiction
2128,neutral
2129,contradiction
2130,entailment
2131,entailment
2132,contradiction
2133,entailment
2134,contradiction
2135,neutral
2136,contradiction
2137,contradiction
2138,entailment
2139,neutral
2140,contradiction
2141,contradiction
2142,contradiction
2143,neutral
2144,neutral
2145,entailment
2146,entailment
2147,contradiction
2148,neutral
2149,neutral
2150,contradiction
2151,entailment
2152,neutral
2153,neutral
2154,contradiction
2155,neutral
2156,neutral
2157,entailment
2158,entailment
2159,contradiction
2160,entailment
2161,neutral
2162,contradiction
2163,neutral
2164,entailment
2165,entailment
2166,neutral
2167,neutral
2168,neutral
2169,contradiction
2170,entailment
2171,contradiction
2172,contradiction
2173,neutral
2174,contradiction
2175,neutral
2176,neutral
2177,contradiction
2178,entailment
2179,entailment
2180,contradiction
2181,contradiction
2182,entailment
2183,neutral
2184,contradiction
2185,contradiction
2186,neutral
2187,contradiction
2188,entailment
2189,neutral
2190,neutral
2191,contradiction
2192,entailment
2193,neutral
2194,contradiction
2195,contradiction
2196,neutral
2197,contradiction
2198,entailment
2199,contradiction
2200,entailment
2201,contradiction
2202,contradiction
2203,entailment
2204,contradiction
2205,contradiction
2206,neutral
2207,contradiction
2208,contradiction
2209,contradiction
2210,neutral
2211,neutral
2212,neutral
2213,neutral
2214,contradiction
2215,entailment
2216,contradiction
2217,contradiction
2218,contradiction
2219,neutral
2220,neutral
2221,entailment
2222,contradiction
2223,entailment
2224,neutral
2225,entailment
2226,neutral
2227,entailment
2228,neutral
2229,contradiction
2230,neutral
2231,neutral
2232,contradiction
2233,contradiction
2234,entailment
2235,contradiction
2236,neutral
2237,contradiction
2238,neutral
2239,neutral
2240,neutral
2241,contradiction
2242,neutral
2243,contradiction
2244,contradiction
2245,contradiction
2246,neutral
2247,contradiction
2248,contradiction
2249,contradiction
2250,contradiction
2251,contradiction
2252,contradiction
2253,neutral
2254,entailment
2255,neutral
2256,entailment
2257,contradiction
2258,entailment
2259,entailment
2260,contradiction
2261,entailment
2262,contradiction
2263,neutral
2264,neutral
2265,neutral
2266,entailment
2267,entailment
2268,contradiction
2269,neutral
2270,neutral
2271,neutral
2272,neutral
2273,contradiction
2274,entailment
2275,neutral
2276,entailment
2277,contradiction
2278,entailment
2279,contradiction
2280,entailment
2281,contradiction
2282,contradiction
2283,neutral
2284,entailment
2285,entailment
2286,entailment
2287,contradiction
2288,contradiction
2289,contradiction
2290,contradiction
2291,contradiction
2292,entailment
2293,contradiction
2294,contradiction
2295,contradiction
2296,entailment
2297,contradiction
2298,neutral
2299,contradiction
2300,neutral
2301,contradiction
2302,contradiction
2303,contradiction
2304,neutral
2305,entailment
2306,contradiction
2307,neutral
2308,neutral
2309,neutral
2310,neutral
2311,contradiction
2312,entailment
2313,neutral
2314,contradiction
2315,neutral
2316,contradiction
2317,entailment
2318,entailment
2319,contradiction
2320,neutral
2321,contradiction
2322,contradiction
2323,contradiction
2324,neutral
2325,neutral
2326,entailment
2327,neutral
2328,contradiction
2329,neutral
2330,contradiction
2331,neutral
2332,entailment
2333,contradiction
2334,neutral
2335,neutral
2336,neutral
2337,contradiction
2338,neutral
2339,neutral
2340,entailment
2341,neutral
2342,contradiction
2343,neutral
2344,contradiction
2345,neutral
2346,entailment
2347,entailment
2348,contradiction
2349,neutral
2350,contradiction
2351,contradiction
2352,contradiction
2353,neutral
2354,contradiction
2355,neutral
2356,contradiction
2357,contradiction
2358,neutral
2359,entailment
2360,contradiction
2361,contradiction
2362,neutral
2363,neutral
2364,contradiction
2365,neutral
2366,contradiction
2367,entailment
2368,contradiction
2369,contradiction
2370,contradiction
2371,contradiction
2372,contradiction
2373,contradiction
2374,contradiction
2375,neutral
2376,neutral
2377,contradiction
2378,contradiction
2379,contradiction
2380,neutral
2381,contradiction
2382,contradiction
2383,contradiction
2384,neutral
2385,entailment
2386,contradiction
2387,entailment
2388,contradiction
2389,contradiction
2390,entailment
2391,neutral
2392,contradiction
2393,neutral
2394,contradiction
2395,entailment
2396,contradiction
2397,contradiction
2398,neutral
2399,entailment
2400,neutral
2401,neutral
2402,neutral
2403,neutral
2404,contradiction
2405,entailment
2406,entailment
2407,entailment
2408,entailment
2409,entailment
2410,contradiction
2411,entailment
2412,entailment
2413,contradiction
2414,contradiction
2415,neutral
2416,neutral
2417,entailment
2418,contradiction
2419,neutral
2420,neutral
2421,entailment
2422,neutral
2423,contradiction
2424,neutral
2425,entailment
2426,entailment
2427,contradiction
2428,contradiction
2429,contradiction
2430,contradiction
2431,contradiction
2432,contradiction
2433,neutral
2434,neutral
2435,contradiction
2436,contradiction
2437,entailment
2438,entailment
2439,neutral
2440,contradiction
2441,neutral
2442,contradiction
2443,contradiction
2444,entailment
2445,contradiction
2446,entailment
2447,contradiction
2448,neutral
2449,entailment
2450,neutral
2451,contradiction
2452,neutral
2453,contradiction
2454,entailment
2455,contradiction
2456,entailment
2457,contradiction
2458,neutral
2459,contradiction
2460,entailment
2461,contradiction
2462,contradiction
2463,entailment
2464,neutral
2465,neutral
2466,contradiction
2467,neutral
2468,neutral
2469,entailment
2470,contradiction
2471,neutral
2472,entailment
2473,contradiction
2474,entailment
2475,contradiction
2476,entailment
2477,contradiction
2478,entailment
2479,entailment
2480,contradiction
2481,neutral
2482,contradiction
2483,entailment
2484,contradiction
2485,neutral
2486,contradiction
2487,contradiction
2488,contradiction
2489,contradiction
2490,contradiction
2491,neutral
2492,entailment
2493,contradiction
2494,neutral
2495,neutral
2496,contradiction
2497,entailment
2498,contradiction
2499,contradiction
2500,contradiction
2501,contradiction
2502,neutral
2503,entailment
2504,entailment
2505,neutral
2506,contradiction
2507,entailment
2508,neutral
2509,neutral
2510,neutral
2511,entailment
2512,contradiction
2513,contradiction
2514,contradiction
2515,neutral
2516,entailment
2517,entailment
2518,entailment
2519,entailment
2520,entailment
2521,entailment
2522,entailment
2523,entailment
2524,neutral
2525,contradiction
2526,contradiction
2527,contradiction
2528,entailment
2529,neutral
2530,contradiction
2531,entailment
2532,entailment
2533,contradiction
2534,entailment
2535,entailment
2536,entailment
2537,contradiction
2538,neutral
2539,contradiction
2540,entailment
2541,neutral
2542,neutral
2543,contradiction
2544,entailment
2545,contradiction
2546,entailment
2547,contradiction
2548,neutral
2549,neutral
2550,neutral
2551,entailment
2552,neutral
2553,neutral
2554,contradiction
2555,entailment
2556,contradiction
2557,neutral
2558,entailment
2559,neutral
2560,neutral
2561,neutral
2562,neutral
2563,entailment
2564,contradiction
2565,entailment
2566,contradiction
2567,entailment
2568,contradiction
2569,neutral
2570,neutral
2571,contradiction
2572,contradiction
2573,contradiction
2574,contradiction
2575,neutral
2576,neutral
2577,contradiction
2578,neutral
2579,entailment
2580,neutral
2581,entailment
2582,contradiction
2583,contradiction
2584,contradiction
2585,contradiction
2586,contradiction
2587,contradiction
2588,neutral
2589,neutral
2590,entailment
2591,contradiction
2592,contradiction
2593,neutral
2594,contradiction
2595,entailment
2596,neutral
2597,contradiction
2598,contradiction
2599,contradiction
2600,contradiction
2601,neutral
2602,neutral
2603,contradiction
2604,entailment
2605,neutral
2606,contradiction
2607,contradiction
2608,neutral
2609,entailment
2610,neutral
2611,entailment
2612,neutral
2613,neutral
2614,contradiction
2615,neutral
2616,contradiction
2617,contradiction
2618,neutral
2619,contradiction
2620,contradiction
2621,contradiction
2622,contradiction
2623,contradiction
2624,contradiction
2625,contradiction
2626,contradiction
2627,contradiction
2628,neutral
2629,entailment
2630,entailment
2631,contradiction
2632,neutral
2633,contradiction
2634,neutral
2635,neutral
2636,neutral
2637,contradiction
2638,contradiction
2639,contradiction
2640,contradiction
2641,neutral
2642,neutral
2643,neutral
2644,entailment
2645,neutral
2646,neutral
2647,neutral
2648,contradiction
2649,entailment
2650,neutral
2651,contradiction
2652,contradiction
2653,entailment
2654,contradiction
2655,neutral
2656,entailment
2657,neutral
2658,entailment
2659,neutral
2660,entailment
2661,neutral
2662,entailment
2663,contradiction
2664,neutral
2665,entailment
2666,neutral
2667,contradiction
2668,entailment
2669,entailment
2670,neutral
2671,neutral
2672,contradiction
2673,entailment
2674,contradiction
2675,entailment
2676,neutral
2677,contradiction
2678,contradiction
2679,contradiction
2680,entailment
2681,entailment
2682,contradiction
2683,contradiction
2684,contradiction
2685,entailment
2686,neutral
2687,entailment
2688,entailment
2689,contradiction
2690,contradiction
2691,contradiction
2692,neutral
2693,entailment
2694,entailment
2695,neutral
2696,contradiction
2697,entailment
2698,contradiction
2699,entailment
2700,contradiction
2701,contradiction
2702,entailment
2703,neutral
2704,contradiction
2705,contradiction
2706,contradiction
2707,contradiction
2708,neutral
2709,contradiction
2710,neutral
2711,neutral
2712,entailment
2713,entailment
2714,entailment
2715,contradiction
2716,contradiction
2717,entailment
2718,entailment
2719,neutral
2720,contradiction
2721,neutral
2722,neutral
2723,neutral
2724,contradiction
2725,entailment
2726,neutral
2727,contradiction
2728,neutral
2729,neutral
2730,neutral
2731,neutral
2732,contradiction
2733,neutral
2734,entailment
2735,contradiction
2736,contradiction
2737,contradiction
2738,contradiction
2739,contradiction
2740,entailment
2741,entailment
2742,neutral
2743,entailment
2744,entailment
2745,contradiction
2746,neutral
2747,neutral
2748,entailment
2749,contradiction
2750,contradiction
2751,neutral
2752,contradiction
2753,entailment
2754,entailment
2755,entailment
2756,contradiction
2757,contradiction
2758,entailment
2759,contradiction
2760,entailment
2761,entailment
2762,contradiction
2763,neutral
2764,entailment
2765,contradiction
2766,neutral
2767,contradiction
2768,neutral
2769,contradiction
2770,neutral
2771,entailment
2772,entailment
2773,contradiction
2774,entailment
2775,neutral
2776,neutral
2777,neutral
2778,neutral
2779,entailment
2780,contradiction
2781,contradiction
2782,contradiction
2783,neutral
2784,neutral
2785,entailment
2786,contradiction
2787,entailment
2788,entailment
2789,entailment
2790,neutral
2791,entailment
2792,entailment
2793,neutral
2794,contradiction
2795,neutral
2796,neutral
2797,contradiction
2798,entailment
2799,entailment
2800,contradiction
2801,neutral
2802,entailment
2803,contradiction
2804,neutral
2805,contradiction
2806,entailment
2807,entailment
2808,contradiction
2809,contradiction
2810,entailment
2811,contradiction
2812,contradiction
2813,neutral
2814,entailment
2815,contradiction
2816,contradiction
2817,entailment
2818,entailment
2819,entailment
2820,neutral
2821,entailment
2822,neutral
2823,neutral
2824,contradiction
2825,neutral
2826,entailment
2827,neutral
2828,neutral
2829,contradiction
2830,neutral
2831,neutral
2832,contradiction
2833,entailment
2834,contradiction
2835,contradiction
2836,neutral
2837,contradiction
2838,neutral
2839,contradiction
2840,neutral
2841,neutral
2842,neutral
2843,neutral
2844,contradiction
2845,neutral
2846,contradiction
2847,entailment
2848,neutral
2849,contradiction
2850,contradiction
2851,entailment
2852,neutral
2853,contradiction
2854,neutral
2855,entailment
2856,contradiction
2857,contradiction
2858,contradiction
2859,contradiction
2860,entailment
2861,contradiction
2862,entailment
2863,entailment
2864,entailment
2865,neutral
2866,entailment
2867,contradiction
2868,contradiction
2869,entailment
2870,neutral
2871,contradiction
2872,neutral
2873,entailment
2874,contradiction
2875,entailment
2876,neutral
2877,contradiction
2878,contradiction
2879,neutral
2880,contradiction
2881,entailment
2882,contradiction
2883,entailment
2884,entailment
2885,entailment
2886,contradiction
2887,contradiction
2888,entailment
2889,entailment
2890,neutral
2891,neutral
2892,entailment
2893,contradiction
2894,entailment
2895,contradiction
2896,neutral
2897,entailment
2898,entailment
2899,entailment
2900,contradiction
2901,entailment
2902,entailment
2903,neutral
2904,entailment
2905,entailment
2906,entailment
2907,contradiction
2908,neutral
2909,entailment
2910,entailment
2911,entailment
2912,entailment
2913,entailment
2914,neutral
2915,neutral
2916,entailment
2917,entailment
2918,neutral
2919,entailment
2920,contradiction
2921,neutral
2922,neutral
2923,neutral
2924,contradiction
2925,entailment
2926,entailment
2927,contradiction
2928,neutral
2929,neutral
2930,neutral
2931,contradiction
2932,entailment
2933,contradiction
2934,entailment
2935,contradiction
2936,contradiction
2937,contradiction
2938,entailment
2939,entailment
2940,neutral
2941,entailment
2942,entailment
2943,entailment
2944,entailment
2945,entailment
2946,contradiction
2947,contradiction
2948,entailment
2949,neutral
2950,contradiction
2951,entailment
2952,entailment
2953,contradiction
2954,entailment
2955,contradiction
2956,neutral
2957,contradiction
2958,entailment
2959,contradiction
2960,entailment
2961,entailment
2962,neutral
2963,entailment
2964,neutral
2965,contradiction
2966,neutral
2967,contradiction
2968,neutral
2969,entailment
2970,contradiction
2971,contradiction
2972,neutral
2973,neutral
2974,contradiction
2975,contradiction
2976,neutral
2977,contradiction
2978,neutral
2979,neutral
2980,contradiction
2981,entailment
2982,neutral
2983,neutral
2984,entailment
2985,contradiction
2986,entailment
2987,entailment
2988,neutral
2989,neutral
2990,contradiction
2991,neutral
2992,entailment
2993,neutral
2994,neutral
2995,contradiction
2996,contradiction
2997,neutral
2998,neutral
2999,contradiction
3000,contradiction
3001,neutral
3002,contradiction
3003,neutral
3004,contradiction
3005,neutral
3006,contradiction
3007,contradiction
3008,neutral
3009,contradiction
3010,contradiction
3011,contradiction
3012,neutral
3013,entailment
3014,contradiction
3015,entailment
3016,entailment
3017,contradiction
3018,contradiction
3019,contradiction
3020,contradiction
3021,contradiction
3022,entailment
3023,neutral
3024,entailment
3025,contradiction
3026,entailment
3027,neutral
3028,neutral
3029,contradiction
3030,entailment
3031,neutral
3032,contradiction
3033,neutral
3034,contradiction
3035,entailment
3036,contradiction
3037,contradiction
3038,contradiction
3039,entailment
3040,neutral
3041,contradiction
3042,neutral
3043,entailment
3044,contradiction
3045,contradiction
3046,neutral
3047,contradiction
3048,contradiction
3049,contradiction
3050,contradiction
3051,entailment
3052,contradiction
3053,neutral
3054,contradiction
3055,neutral
3056,entailment
3057,entailment
3058,contradiction
3059,entailment
3060,neutral
3061,neutral
3062,entailment
3063,neutral
3064,entailment
3065,contradiction
3066,contradiction
3067,neutral
3068,neutral
3069,neutral
3070,entailment
3071,contradiction
3072,contradiction
3073,contradiction
3074,neutral
3075,neutral
3076,neutral
3077,entailment
3078,contradiction
3079,neutral
3080,entailment
3081,entailment
3082,contradiction
3083,neutral
3084,neutral
3085,entailment
3086,contradiction
3087,contradiction
3088,entailment
3089,neutral
3090,contradiction
3091,contradiction
3092,neutral
3093,neutral
3094,neutral
3095,contradiction
3096,neutral
3097,contradiction
3098,entailment
3099,entailment
3100,entailment
3101,contradiction
3102,contradiction
3103,entailment
3104,contradiction
3105,entailment
3106,entailment
3107,entailment
3108,neutral
3109,contradiction
3110,neutral
3111,contradiction
3112,neutral
3113,neutral
3114,contradiction
3115,neutral
3116,contradiction
3117,neutral
3118,entailment
3119,entailment
3120,contradiction
3121,neutral
3122,entailment
3123,neutral
3124,neutral
3125,contradiction
3126,contradiction
3127,neutral
3128,contradiction
3129,contradiction
3130,neutral
3131,entailment
3132,contradiction
3133,contradiction
3134,contradiction
3135,entailment
3136,entailment
3137,contradiction
3138,neutral
3139,contradiction
3140,entailment
3141,neutral
3142,contradiction
3143,entailment
3144,neutral
3145,contradiction
3146,contradiction
3147,neutral
3148,contradiction
3149,contradiction
3150,neutral
3151,contradiction
3152,contradiction
3153,contradiction
3154,contradiction
3155,contradiction
3156,contradiction
3157,entailment
3158,contradiction
3159,neutral
3160,neutral
3161,neutral
3162,contradiction
3163,contradiction
3164,contradiction
3165,neutral
3166,entailment
3167,contradiction
3168,contradiction
3169,neutral
3170,contradiction
3171,contradiction
3172,contradiction
3173,entailment
3174,entailment
3175,contradiction
3176,contradiction
3177,neutral
3178,neutral
3179,contradiction
3180,contradiction
3181,neutral
3182,entailment
3183,entailment
3184,contradiction
3185,neutral
3186,neutral
3187,entailment
3188,neutral
3189,neutral
3190,contradiction
3191,neutral
3192,contradiction
3193,entailment
3194,contradiction
3195,contradiction
3196,entailment
3197,entailment
3198,contradiction
3199,contradiction
3200,contradiction
3201,contradiction
3202,entailment
3203,contradiction
3204,neutral
3205,contradiction
3206,neutral
3207,neutral
3208,contradiction
3209,neutral
3210,neutral
3211,contradiction
3212,entailment
3213,contradiction
3214,neutral
3215,contradiction
3216,neutral
3217,entailment
3218,contradiction
3219,entailment
3220,contradiction
3221,entailment
3222,entailment
3223,neutral
3224,contradiction
3225,entailment
3226,entailment
3227,contradiction
3228,neutral
3229,contradiction
3230,neutral
3231,neutral
3232,contradiction
3233,neutral
3234,contradiction
3235,contradiction
3236,contradiction
3237,entailment
3238,contradiction
3239,entailment
3240,entailment
3241,contradiction
3242,contradiction
3243,entailment
3244,contradiction
3245,entailment
3246,contradiction
3247,entailment
3248,neutral
3249,neutral
3250,entailment
3251,entailment
3252,contradiction
3253,neutral
3254,contradiction
3255,contradiction
3256,entailment
3257,neutral
3258,neutral
3259,contradiction
3260,contradiction
3261,neutral
3262,contradiction
3263,contradiction
3264,contradiction
3265,neutral
3266,contradiction
3267,neutral
3268,contradiction
3269,entailment
3270,contradiction
3271,entailment
3272,entailment
3273,entailment
3274,neutral
3275,entailment
3276,entailment
3277,entailment
3278,entailment
3279,contradiction
3280,neutral
3281,contradiction
3282,entailment
3283,neutral
3284,contradiction
3285,neutral
3286,contradiction
3287,neutral
3288,contradiction
3289,contradiction
3290,entailment
3291,contradiction
3292,entailment
3293,contradiction
3294,neutral
3295,contradiction
3296,neutral
3297,entailment
3298,contradiction
3299,contradiction
3300,contradiction
3301,neutral
3302,contradiction
3303,neutral
3304,neutral
3305,entailment
3306,entailment
3307,contradiction
3308,contradiction
3309,contradiction
3310,neutral
3311,neutral
3312,contradiction
3313,entailment
3314,entailment
3315,entailment
3316,contradiction
3317,contradiction
3318,contradiction
3319,contradiction
3320,contradiction
3321,entailment
3322,entailment
3323,contradiction
3324,contradiction
3325,contradiction
3326,contradiction
3327,entailment
3328,neutral
3329,neutral
3330,neutral
3331,contradiction
3332,contradiction
3333,contradiction
3334,neutral
3335,contradiction
3336,contradiction
3337,neutral
3338,neutral
3339,contradiction
3340,contradiction
3341,contradiction
3342,entailment
3343,contradiction
3344,entailment
3345,contradiction
3346,contradiction
3347,entailment
3348,contradiction
3349,contradiction
3350,contradiction
3351,contradiction
3352,entailment
3353,entailment
3354,entailment
3355,contradiction
3356,neutral
3357,entailment
3358,neutral
3359,neutral
3360,contradiction
3361,entailment
3362,contradiction
3363,neutral
3364,neutral
3365,neutral
3366,contradiction
3367,entailment
3368,neutral
3369,entailment
3370,contradiction
3371,neutral
3372,contradiction
3373,contradiction
3374,contradiction
3375,contradiction
3376,contradiction
3377,entailment
3378,contradiction
3379,contradiction
3380,entailment
3381,contradiction
3382,entailment
3383,neutral
3384,contradiction
3385,entailment
3386,contradiction
3387,neutral
3388,entailment
3389,contradiction
3390,contradiction
3391,neutral
3392,contradiction
3393,contradiction
3394,contradiction
3395,contradiction
3396,contradiction
3397,entailment
3398,neutral
3399,contradiction
3400,neutral
3401,entailment
3402,neutral
3403,entailment
3404,neutral
3405,neutral
3406,neutral
3407,contradiction
3408,contradiction
3409,contradiction
3410,entailment
3411,contradiction
3412,neutral
3413,entailment
3414,entailment
3415,contradiction
3416,neutral
3417,contradiction
3418,neutral
3419,neutral
3420,entailment
3421,contradiction
3422,neutral
3423,contradiction
3424,contradiction
3425,entailment
3426,neutral
3427,contradiction
3428,neutral
3429,entailment
3430,contradiction
3431,contradiction
3432,neutral
3433,neutral
3434,neutral
3435,neutral
3436,entailment
3437,entailment
3438,entailment
3439,neutral
3440,contradiction
3441,contradiction
3442,contradiction
3443,neutral
3444,entailment
3445,neutral
3446,contradiction
3447,neutral
3448,neutral
3449,contradiction
3450,contradiction
3451,neutral
3452,entailment
3453,entailment
3454,entailment
3455,contradiction
3456,contradiction
3457,neutral
3458,entailment
3459,contradiction
3460,contradiction
3461,neutral
3462,neutral
3463,contradiction
3464,entailment
3465,neutral
3466,contradiction
3467,neutral
3468,contradiction
3469,neutral
3470,neutral
3471,contradiction
3472,contradiction
3473,contradiction
3474,neutral
3475,contradiction
3476,entailment
3477,neutral
3478,neutral
3479,contradiction
3480,neutral
3481,contradiction
3482,neutral
3483,contradiction
3484,neutral
3485,entailment
3486,contradiction
3487,neutral
3488,contradiction
3489,neutral
3490,contradiction
3491,entailment
3492,contradiction
3493,neutral
3494,neutral
3495,entailment
3496,neutral
3497,entailment
3498,neutral
3499,contradiction
3500,neutral
3501,neutral
3502,neutral
3503,contradiction
3504,entailment
3505,neutral
3506,entailment
3507,neutral
3508,neutral
3509,neutral
3510,contradiction
3511,contradiction
3512,neutral
3513,contradiction
3514,entailment
3515,neutral
3516,contradiction
3517,neutral
3518,entailment
3519,neutral
3520,contradiction
3521,entailment
3522,neutral
3523,neutral
3524,neutral
3525,entailment
3526,neutral
3527,neutral
3528,neutral
3529,contradiction
3530,neutral
3531,neutral
3532,entailment
3533,neutral
3534,contradiction
3535,neutral
3536,neutral
3537,contradiction
3538,neutral
3539,contradiction
3540,contradiction
3541,entailment
3542,neutral
3543,neutral
3544,neutral
3545,neutral
3546,neutral
3547,neutral
3548,entailment
3549,entailment
3550,neutral
3551,neutral
3552,neutral
3553,contradiction
3554,neutral
3555,contradiction
3556,neutral
3557,neutral
3558,contradiction
3559,entailment
3560,entailment
3561,neutral
3562,contradiction
3563,contradiction
3564,entailment
3565,neutral
3566,contradiction
3567,contradiction
3568,entailment
3569,contradiction
3570,neutral
3571,entailment
3572,neutral
3573,contradiction
3574,neutral
3575,contradiction
3576,neutral
3577,neutral
3578,neutral
3579,entailment
3580,contradiction
3581,contradiction
3582,contradiction
3583,neutral
3584,contradiction
3585,entailment
3586,contradiction
3587,neutral
3588,neutral
3589,entailment
3590,entailment
3591,contradiction
3592,entailment
3593,contradiction
3594,contradiction
3595,neutral
3596,neutral
3597,contradiction
3598,neutral
3599,contradiction
3600,contradiction
3601,neutral
3602,neutral
3603,contradiction
3604,neutral
3605,entailment
3606,contradiction
3607,neutral
3608,entailment
3609,neutral
3610,contradiction
3611,entailment
3612,contradiction
3613,neutral
3614,neutral
3615,entailment
3616,entailment
3617,contradiction
3618,neutral
3619,neutral
3620,neutral
3621,contradiction
3622,contradiction
3623,neutral
3624,neutral
3625,entailment
3626,contradiction
3627,neutral
3628,neutral
3629,neutral
3630,entailment
3631,contradiction
3632,contradiction
3633,contradiction
3634,entailment
3635,neutral
3636,contradiction
3637,entailment
3638,neutral
3639,neutral
3640,neutral
3641,contradiction
3642,neutral
3643,neutral
3644,neutral
3645,neutral
3646,contradiction
3647,neutral
3648,neutral
3649,neutral
3650,contradiction
3651,contradiction
3652,neutral
3653,entailment
3654,entailment
3655,neutral
3656,neutral
3657,entailment
3658,neutral
3659,neutral
3660,contradiction
3661,contradiction
3662,neutral
3663,entailment
3664,contradiction
3665,neutral
3666,contradiction
3667,entailment
3668,neutral
3669,contradiction
3670,entailment
3671,contradiction
3672,neutral
3673,contradiction
3674,neutral
3675,neutral
3676,neutral
3677,entailment
3678,contradiction
3679,entailment
3680,neutral
3681,entailment
3682,neutral
3683,neutral
3684,neutral
3685,neutral
3686,neutral
3687,neutral
3688,neutral
3689,contradiction
3690,neutral
3691,neutral
3692,neutral
3693,neutral
3694,neutral
3695,contradiction
3696,contradiction
3697,neutral
3698,neutral
3699,contradiction
3700,neutral
3701,neutral
3702,entailment
3703,neutral
3704,neutral
3705,neutral
3706,neutral
3707,contradiction
3708,entailment
3709,contradiction
3710,contradiction
3711,contradiction
3712,neutral
3713,contradiction
3714,entailment
3715,entailment
3716,contradiction
3717,contradiction
3718,entailment
3719,contradiction
3720,contradiction
3721,neutral
3722,contradiction
3723,contradiction
3724,contradiction
3725,contradiction
3726,contradiction
3727,neutral
3728,neutral
3729,neutral
3730,neutral
3731,neutral
3732,neutral
3733,entailment
3734,contradiction
3735,contradiction
3736,neutral
3737,neutral
3738,entailment
3739,entailment
3740,contradiction
3741,neutral
3742,entailment
3743,contradiction
3744,contradiction
3745,entailment
3746,neutral
3747,neutral
3748,neutral
3749,neutral
3750,neutral
3751,contradiction
3752,contradiction
3753,contradiction
3754,neutral
3755,entailment
3756,entailment
3757,contradiction
3758,entailment
3759,neutral
3760,contradiction
3761,contradiction
3762,neutral
3763,contradiction
3764,entailment
3765,contradiction
3766,neutral
3767,entailment
3768,neutral
3769,entailment
3770,neutral
3771,neutral
3772,neutral
3773,neutral
3774,contradiction
3775,contradiction
3776,neutral
3777,neutral
3778,entailment
3779,contradiction
3780,contradiction
3781,neutral
3782,neutral
3783,contradiction
3784,neutral
3785,contradiction
3786,contradiction
3787,contradiction
3788,contradiction
3789,neutral
3790,contradiction
3791,contradiction
3792,entailment
3793,contradiction
3794,contradiction
3795,neutral
3796,contradiction
3797,entailment
3798,neutral
3799,contradiction
3800,neutral
3801,entailment
3802,neutral
3803,entailment
3804,neutral
3805,neutral
3806,neutral
3807,contradiction
3808,neutral
3809,neutral
3810,neutral
3811,neutral
3812,entailment
3813,contradiction
3814,contradiction
3815,contradiction
3816,neutral
3817,contradiction
3818,contradiction
3819,contradiction
3820,contradiction
3821,contradiction
3822,neutral
3823,neutral
3824,entailment
3825,entailment
3826,neutral
3827,contradiction
3828,neutral
3829,neutral
3830,contradiction
3831,neutral
3832,contradiction
3833,neutral
3834,entailment
3835,neutral
3836,contradiction
3837,contradiction
3838,entailment
3839,contradiction
3840,contradiction
3841,contradiction
3842,entailment
3843,contradiction
3844,neutral
3845,entailment
3846,contradiction
3847,neutral
3848,contradiction
3849,neutral
3850,contradiction
3851,neutral
3852,entailment
3853,contradiction
3854,entailment
3855,neutral
3856,neutral
3857,neutral
3858,neutral
3859,entailment
3860,neutral
3861,contradiction
3862,neutral
3863,entailment
3864,neutral
3865,neutral
3866,neutral
3867,neutral
3868,neutral
3869,neutral
3870,neutral
3871,neutral
3872,entailment
3873,contradiction
3874,neutral
3875,neutral
3876,entailment
3877,neutral
3878,contradiction
3879,neutral
3880,contradiction
3881,entailment
3882,contradiction
3883,contradiction
3884,neutral
3885,contradiction
3886,neutral
3887,neutral
3888,neutral
3889,contradiction
3890,contradiction
3891,contradiction
3892,entailment
3893,contradiction
3894,contradiction
3895,entailment
3896,entailment
3897,contradiction
3898,entailment
3899,entailment
3900,contradiction
3901,contradiction
3902,entailment
3903,contradiction
3904,contradiction
3905,neutral
3906,neutral
3907,neutral
3908,neutral
3909,contradiction
3910,neutral
3911,contradiction
3912,neutral
3913,neutral
3914,contradiction
3915,contradiction
3916,entailment
3917,contradiction
3918,contradiction
3919,neutral
3920,neutral
3921,entailment
3922,contradiction
3923,neutral
3924,entailment
3925,neutral
3926,contradiction
3927,neutral
3928,entailment
3929,contradiction
3930,entailment
3931,neutral
3932,contradiction
3933,neutral
3934,contradiction
3935,entailment
3936,contradiction
3937,neutral
3938,contradiction
3939,contradiction
3940,entailment
3941,contradiction
3942,contradiction
3943,neutral
3944,contradiction
3945,neutral
3946,neutral
3947,entailment
3948,entailment
3949,neutral
3950,contradiction
3951,contradiction
3952,contradiction
3953,neutral
3954,contradiction
3955,contradiction
3956,neutral
3957,contradiction
3958,contradiction
3959,entailment
3960,entailment
3961,contradiction
3962,contradiction
3963,contradiction
3964,neutral
3965,neutral
3966,contradiction
3967,entailment
3968,entailment
3969,entailment
3970,neutral
3971,contradiction
3972,neutral
3973,neutral
3974,neutral
3975,contradiction
3976,entailment
3977,contradiction
3978,neutral
3979,contradiction
3980,entailment
3981,entailment
3982,contradiction
3983,neutral
3984,neutral
3985,neutral
3986,contradiction
3987,contradiction
3988,contradiction
3989,contradiction
3990,neutral
3991,contradiction
3992,contradiction
3993,contradiction
3994,neutral
3995,neutral
3996,entailment
3997,contradiction
3998,contradiction
3999,entailment
4000,contradiction
4001,entailment
4002,neutral
4003,contradiction
4004,entailment
4005,neutral
4006,entailment
4007,neutral
4008,contradiction
4009,contradiction
4010,contradiction
4011,neutral
4012,neutral
4013,neutral
4014,neutral
4015,entailment
4016,contradiction
4017,contradiction
4018,neutral
4019,neutral
4020,entailment
4021,entailment
4022,contradiction
4023,contradiction
4024,contradiction
4025,neutral
4026,neutral
4027,neutral
4028,neutral
4029,neutral
4030,contradiction
4031,entailment
4032,contradiction
4033,entailment
4034,contradiction
4035,contradiction
4036,neutral
4037,neutral
4038,entailment
4039,entailment
4040,neutral
4041,contradiction
4042,contradiction
4043,contradiction
4044,entailment
4045,neutral
4046,contradiction
4047,contradiction
4048,contradiction
4049,contradiction
4050,contradiction
4051,entailment
4052,entailment
4053,neutral
4054,entailment
4055,contradiction
4056,neutral
4057,entailment
4058,neutral
4059,entailment
4060,contradiction
4061,entailment
4062,neutral
4063,contradiction
4064,contradiction
4065,contradiction
4066,entailment
4067,contradiction
4068,contradiction
4069,entailment
4070,entailment
4071,neutral
4072,entailment
4073,contradiction
4074,neutral
4075,contradiction
4076,contradiction
4077,entailment
4078,contradiction
4079,entailment
4080,entailment
4081,entailment
4082,contradiction
4083,contradiction
4084,contradiction
4085,contradiction
4086,contradiction
4087,contradiction
4088,contradiction
4089,neutral
4090,entailment
4091,neutral
4092,entailment
4093,neutral
4094,neutral
4095,neutral
4096,neutral
4097,entailment
4098,contradiction
4099,entailment
4100,entailment
4101,entailment
4102,entailment
4103,entailment
4104,neutral
4105,neutral
4106,neutral
4107,neutral
4108,neutral
4109,contradiction
4110,entailment
4111,neutral
4112,contradiction
4113,neutral
4114,neutral
4115,neutral
4116,contradiction
4117,entailment
4118,neutral
4119,entailment
4120,neutral
4121,neutral
4122,contradiction
4123,contradiction
4124,contradiction
4125,neutral
4126,entailment
4127,contradiction
4128,neutral
4129,contradiction
4130,neutral
4131,contradiction
4132,entailment
4133,entailment
4134,neutral
4135,contradiction
4136,entailment
4137,contradiction
4138,contradiction
4139,neutral
4140,neutral
4141,entailment
4142,entailment
4143,contradiction
4144,entailment
4145,entailment
4146,contradiction
4147,entailment
4148,entailment
4149,neutral
4150,neutral
4151,neutral
4152,contradiction
4153,neutral
4154,neutral
4155,contradiction
4156,entailment
4157,entailment
4158,neutral
4159,neutral
4160,entailment
4161,entailment
4162,contradiction
4163,contradiction
4164,contradiction
4165,entailment
4166,entailment
4167,neutral
4168,contradiction
4169,neutral
4170,entailment
4171,entailment
4172,neutral
4173,contradiction
4174,neutral
4175,neutral
4176,contradiction
4177,contradiction
4178,entailment
4179,entailment
4180,neutral
4181,neutral
4182,contradiction
4183,neutral
4184,neutral
4185,contradiction
4186,entailment
4187,entailment
4188,neutral
4189,contradiction
4190,contradiction
4191,entailment
4192,contradiction
4193,neutral
4194,neutral
4195,neutral
4196,entailment
4197,contradiction
4198,contradiction
4199,neutral
4200,neutral
4201,neutral
4202,contradiction
4203,entailment
4204,neutral
4205,entailment
4206,neutral
4207,entailment
4208,contradiction
4209,neutral
4210,contradiction
4211,neutral
4212,neutral
4213,neutral
4214,neutral
4215,entailment
4216,entailment
4217,contradiction
4218,neutral
4219,contradiction
4220,entailment
4221,contradiction
4222,entailment
4223,contradiction
4224,neutral
4225,neutral
4226,contradiction
4227,neutral
4228,neutral
4229,entailment
4230,contradiction
4231,contradiction
4232,contradiction
4233,neutral
4234,entailment
4235,neutral
4236,neutral
4237,neutral
4238,entailment
4239,neutral
4240,contradiction
4241,neutral
4242,contradiction
4243,contradiction
4244,neutral
4245,contradiction
4246,neutral
4247,entailment
4248,entailment
4249,entailment
4250,neutral
4251,contradiction
4252,entailment
4253,contradiction
4254,contradiction
4255,neutral
4256,entailment
4257,contradiction
4258,contradiction
4259,entailment
4260,contradiction
4261,neutral
4262,neutral
4263,contradiction
4264,neutral
4265,neutral
4266,contradiction
4267,entailment
4268,neutral
4269,neutral
4270,neutral
4271,contradiction
4272,contradiction
4273,contradiction
4274,neutral
4275,neutral
4276,contradiction
4277,contradiction
4278,contradiction
4279,contradiction
4280,contradiction
4281,neutral
4282,neutral
4283,neutral
4284,neutral
4285,contradiction
4286,contradiction
4287,contradiction
4288,entailment
4289,contradiction
4290,neutral
4291,entailment
4292,entailment
4293,contradiction
4294,contradiction
4295,neutral
4296,neutral
4297,neutral
4298,neutral
4299,neutral
4300,neutral
4301,entailment
4302,contradiction
4303,contradiction
4304,contradiction
4305,contradiction
4306,entailment
4307,contradiction
4308,neutral
4309,contradiction
4310,contradiction
4311,contradiction
4312,contradiction
4313,contradiction
4314,contradiction
4315,contradiction
4316,contradiction
4317,contradiction
4318,contradiction
4319,neutral
4320,contradiction
4321,entailment
4322,entailment
4323,contradiction
4324,neutral
4325,entailment
4326,neutral
4327,neutral
4328,contradiction
4329,neutral
4330,entailment
4331,contradiction
4332,entailment
4333,entailment
4334,neutral
4335,contradiction
4336,entailment
4337,neutral
4338,contradiction
4339,neutral
4340,entailment
4341,neutral
4342,entailment
4343,neutral
4344,neutral
4345,neutral
4346,neutral
4347,contradiction
4348,neutral
4349,neutral
4350,neutral
4351,entailment
4352,contradiction
4353,neutral
4354,neutral
4355,contradiction
4356,contradiction
4357,entailment
4358,neutral
4359,contradiction
4360,entailment
4361,neutral
4362,neutral
4363,entailment
4364,neutral
4365,contradiction
4366,contradiction
4367,neutral
4368,entailment
4369,entailment
4370,contradiction
4371,contradiction
4372,entailment
4373,entailment
4374,entailment
4375,entailment
4376,entailment
4377,contradiction
4378,contradiction
4379,entailment
4380,entailment
4381,neutral
4382,contradiction
4383,contradiction
4384,entailment
4385,contradiction
4386,contradiction
4387,contradiction
4388,contradiction
4389,neutral
4390,contradiction
4391,neutral
4392,neutral
4393,contradiction
4394,contradiction
4395,neutral
4396,contradiction
4397,neutral
4398,contradiction
4399,entailment
4400,neutral
4401,neutral
4402,neutral
4403,contradiction
4404,contradiction
4405,contradiction
4406,neutral
4407,entailment
4408,entailment
4409,entailment
4410,neutral
4411,contradiction
4412,contradiction
4413,contradiction
4414,entailment
4415,entailment
4416,neutral
4417,contradiction
4418,neutral
4419,contradiction
4420,entailment
4421,contradiction
4422,contradiction
4423,entailment
4424,entailment
4425,contradiction
4426,neutral
4427,entailment
4428,neutral
4429,contradiction
4430,neutral
4431,contradiction
4432,neutral
4433,contradiction
4434,neutral
4435,neutral
4436,contradiction
4437,entailment
4438,neutral
4439,contradiction
4440,neutral
4441,contradiction
4442,neutral
4443,neutral
4444,neutral
4445,entailment
4446,contradiction
4447,entailment
4448,contradiction
4449,neutral
4450,contradiction
4451,entailment
4452,neutral
4453,contradiction
4454,contradiction
4455,contradiction
4456,contradiction
4457,contradiction
4458,contradiction
4459,contradiction
4460,contradiction
4461,neutral
4462,contradiction
4463,entailment
4464,contradiction
4465,neutral
4466,neutral
4467,entailment
4468,neutral
4469,neutral
4470,neutral
4471,entailment
4472,entailment
4473,contradiction
4474,entailment
4475,entailment
4476,entailment
4477,entailment
4478,entailment
4479,entailment
4480,entailment
4481,contradiction
4482,contradiction
4483,entailment
4484,neutral
4485,entailment
4486,entailment
4487,entailment
4488,entailment
4489,neutral
4490,contradiction
4491,entailment
4492,contradiction
4493,contradiction
4494,neutral
4495,contradiction
4496,entailment
4497,contradiction
4498,neutral
4499,contradiction
4500,contradiction
4501,entailment
4502,contradiction
4503,contradiction
4504,entailment
4505,neutral
4506,contradiction
4507,contradiction
4508,contradiction
4509,contradiction
4510,contradiction
4511,neutral
4512,entailment
4513,entailment
4514,contradiction
4515,contradiction
4516,contradiction
4517,contradiction
4518,contradiction
4519,neutral
4520,contradiction
4521,neutral
4522,contradiction
4523,entailment
4524,contradiction
4525,contradiction
4526,contradiction
4527,contradiction
4528,contradiction
4529,contradiction
4530,contradiction
4531,contradiction
4532,entailment
4533,neutral
4534,contradiction
4535,entailment
4536,neutral
4537,contradiction
4538,contradiction
4539,neutral
4540,contradiction
4541,contradiction
4542,contradiction
4543,neutral
4544,neutral
4545,contradiction
4546,contradiction
4547,entailment
4548,contradiction
4549,contradiction
4550,entailment
4551,entailment
4552,contradiction
4553,entailment
4554,contradiction
4555,neutral
4556,contradiction
4557,neutral
4558,neutral
4559,neutral
4560,neutral
4561,entailment
4562,neutral
4563,neutral
4564,entailment
4565,neutral
4566,entailment
4567,entailment
4568,entailment
4569,contradiction
4570,contradiction
4571,neutral
4572,neutral
4573,contradiction
4574,contradiction
4575,entailment
4576,contradiction
4577,neutral
4578,neutral
4579,contradiction
4580,neutral
4581,neutral
4582,neutral
4583,neutral
4584,contradiction
4585,entailment
4586,contradiction
4587,contradiction
4588,neutral
4589,neutral
4590,neutral
4591,neutral
4592,entailment
4593,neutral
4594,contradiction
4595,contradiction
4596,neutral
4597,contradiction
4598,neutral
4599,neutral
4600,contradiction
4601,neutral
4602,neutral
4603,entailment
4604,entailment
4605,contradiction
4606,entailment
4607,neutral
4608,contradiction
4609,neutral
4610,contradiction
4611,neutral
4612,contradiction
4613,contradiction
4614,entailment
4615,contradiction
4616,entailment
4617,neutral
4618,neutral
4619,contradiction
4620,neutral
4621,neutral
4622,neutral
4623,contradiction
4624,entailment
4625,contradiction
4626,neutral
4627,neutral
4628,neutral
4629,contradiction
4630,contradiction
4631,contradiction
4632,entailment
4633,entailment
4634,entailment
4635,contradiction
4636,contradiction
4637,contradiction
4638,contradiction
4639,neutral
4640,contradiction
4641,entailment
4642,neutral
4643,contradiction
4644,contradiction
4645,contradiction
4646,entailment
4647,neutral
4648,neutral
4649,neutral
4650,entailment
4651,contradiction
4652,contradiction
4653,contradiction
4654,neutral
4655,contradiction
4656,contradiction
4657,contradiction
4658,entailment
4659,contradiction
4660,contradiction
4661,entailment
4662,neutral
4663,entailment
4664,neutral
4665,entailment
4666,contradiction
4667,neutral
4668,contradiction
4669,contradiction
4670,contradiction
4671,contradiction
4672,neutral
4673,contradiction
4674,neutral
4675,contradiction
4676,neutral
4677,contradiction
4678,neutral
4679,contradiction
4680,neutral
4681,neutral
4682,entailment
4683,neutral
4684,neutral
4685,entailment
4686,contradiction
4687,neutral
4688,contradiction
4689,contradiction
4690,contradiction
4691,neutral
4692,entailment
4693,neutral
4694,entailment
4695,neutral
4696,neutral
4697,contradiction
4698,entailment
4699,neutral
4700,contradiction
4701,neutral
4702,entailment
4703,neutral
4704,entailment
4705,contradiction
4706,neutral
4707,neutral
4708,contradiction
4709,neutral
4710,contradiction
4711,contradiction
4712,entailment
4713,contradiction
4714,neutral
4715,neutral
4716,contradiction
4717,neutral
4718,neutral
4719,entailment
4720,contradiction
4721,contradiction
4722,contradiction
4723,entailment
4724,contradiction
4725,contradiction
4726,neutral
4727,contradiction
4728,entailment
4729,entailment
4730,entailment
4731,contradiction
4732,neutral
4733,contradiction
4734,contradiction
4735,contradiction
4736,contradiction
4737,contradiction
4738,contradiction
4739,contradiction
4740,contradiction
4741,entailment
4742,contradiction
4743,contradiction
4744,contradiction
4745,neutral
4746,contradiction
4747,contradiction
4748,neutral
4749,contradiction
4750,neutral
4751,neutral
4752,contradiction
4753,contradiction
4754,contradiction
4755,contradiction
4756,entailment
4757,neutral
4758,contradiction
4759,neutral
4760,entailment
4761,entailment
4762,entailment
4763,contradiction
4764,neutral
4765,contradiction
4766,neutral
4767,entailment
4768,entailment
4769,entailment
4770,neutral
4771,contradiction
4772,contradiction
4773,contradiction
4774,neutral
4775,contradiction
4776,contradiction
4777,entailment
4778,contradiction
4779,neutral
4780,neutral
4781,neutral
4782,entailment
4783,neutral
4784,neutral
4785,neutral
4786,neutral
4787,contradiction
4788,contradiction
4789,contradiction
4790,neutral
4791,contradiction
4792,neutral
4793,contradiction
4794,contradiction
4795,contradiction
4796,contradiction
4797,entailment
4798,contradiction
4799,entailment
4800,contradiction
4801,contradiction
4802,neutral
4803,neutral
4804,entailment
4805,neutral
4806,contradiction
4807,contradiction
4808,neutral
4809,contradiction
4810,contradiction
4811,contradiction
4812,contradiction
4813,neutral
4814,contradiction
4815,neutral
4816,contradiction
4817,neutral
4818,contradiction
4819,entailment
4820,neutral
4821,contradiction
4822,contradiction
4823,entailment
4824,neutral
4825,neutral
4826,contradiction
4827,entailment
4828,contradiction
4829,neutral
4830,neutral
4831,contradiction
4832,contradiction
4833,neutral
4834,neutral
4835,neutral
4836,neutral
4837,entailment
4838,entailment
4839,neutral
4840,contradiction
4841,neutral
4842,neutral
4843,neutral
4844,entailment
4845,contradiction
4846,entailment
4847,entailment
4848,contradiction
4849,contradiction
4850,contradiction
4851,neutral
4852,contradiction
4853,contradiction
4854,entailment
4855,neutral
4856,contradiction
4857,neutral
4858,contradiction
4859,neutral
4860,contradiction
4861,entailment
4862,neutral
4863,contradiction
4864,entailment
4865,contradiction
4866,entailment
4867,entailment
4868,entailment
4869,contradiction
4870,contradiction
4871,contradiction
4872,contradiction
4873,contradiction
4874,contradiction
4875,entailment
4876,contradiction
4877,contradiction
4878,entailment
4879,contradiction
4880,entailment
4881,entailment
4882,contradiction
4883,contradiction
4884,neutral
4885,neutral
4886,contradiction
4887,contradiction
4888,contradiction
4889,neutral
4890,contradiction
4891,contradiction
4892,entailment
4893,entailment
4894,contradiction
4895,contradiction
4896,contradiction
4897,contradiction
4898,contradiction
4899,contradiction
4900,contradiction
4901,neutral
4902,entailment
4903,contradiction
4904,entailment
4905,contradiction
4906,contradiction
4907,entailment
4908,entailment
4909,neutral
4910,contradiction
4911,contradiction
4912,neutral
4913,neutral
4914,contradiction
4915,neutral
4916,neutral
4917,contradiction
4918,entailment
4919,entailment
4920,neutral
4921,entailment
4922,entailment
4923,contradiction
4924,contradiction
4925,entailment
4926,contradiction
4927,neutral
4928,neutral
4929,contradiction
4930,contradiction
4931,contradiction
4932,entailment
4933,contradiction
4934,contradiction
4935,contradiction
4936,contradiction
4937,contradiction
4938,entailment
4939,entailment
4940,contradiction
4941,entailment
4942,contradiction
4943,contradiction
4944,contradiction
4945,contradiction
4946,entailment
4947,contradiction
4948,contradiction
4949,contradiction
4950,contradiction
4951,entailment
4952,neutral
4953,contradiction
4954,contradiction
4955,neutral
4956,entailment
4957,entailment
4958,contradiction
4959,contradiction
4960,entailment
4961,neutral
4962,neutral
4963,contradiction
4964,contradiction
4965,contradiction
4966,contradiction
4967,neutral
4968,neutral
4969,neutral
4970,neutral
4971,contradiction
4972,neutral
4973,contradiction
4974,neutral
4975,contradiction
4976,contradiction
4977,contradiction
4978,contradiction
4979,contradiction
4980,contradiction
4981,neutral
4982,entailment
4983,contradiction
4984,contradiction
4985,contradiction
4986,contradiction
4987,contradiction
4988,contradiction
4989,contradiction
4990,neutral
4991,entailment
4992,entailment
4993,entailment
4994,entailment
4995,neutral
4996,contradiction
4997,contradiction
4998,entailment
4999,contradiction
5000,entailment
5001,contradiction
5002,neutral
5003,entailment
5004,contradiction
5005,entailment
5006,neutral
5007,neutral
5008,neutral
5009,entailment
